name,datetime,tempmax,tempmin,temp,feelslikemax,feelslikemin,feelslike,dew,humidity,precip,precipprob,precipcover,preciptype,snow,snowdepth,windgust,windspeed,winddir,sealevelpressure,cloudcover,visibility,solarradiation,solarenergy,uvindex,severerisk,sunrise,sunset,moonphase,conditions,description,icon,stations
Denton,2022-09-01,27.9,22.3,24.3,30.5,22.3,24.6,22.5,89.8,4.942,100,20.83,rain,0,0,53.6,12.9,177.5,1015.5,46.1,15.1,20.4,1.8,1,60,2022-09-01T07:02:51,2022-09-01T19:53:37,0.19,"Rain, Partially cloudy",Partly cloudy throughout the day with afternoon rain.,rain,"D5204,72259453909,KAFW,KDTO,F7015,72259003927,KDFW,72258903991"
Denton,2022-09-02,29.3,22.9,25.7,33.3,22.9,26.9,22.2,81.7,0.488,100,20.83,rain,0,0,25.2,24.3,176.5,1014.3,41,16,79,6.8,7,75,2022-09-02T07:03:31,2022-09-02T19:52:19,0.23,"Rain, Partially cloudy",Partly cloudy throughout the day with a chance of rain throughout the day.,rain,"72259453909,KAFW,C3518,KDTO,F7015,72259003927,KDFW,72258903991"
Denton,2022-09-03,35.6,21.2,27.6,38.3,21.2,28.9,20.7,70.2,0,0,0,,0,0,29.9,18.2,23.3,1016.5,3.7,16,124.9,10.8,8,100,2022-09-03T07:04:10,2022-09-03T19:51:00,0.25,Clear,Clear conditions throughout the day.,clear-day,"E7108,72259453909,KAFW,KDTO,F7015,72259003927,KDFW,72258903991"
Denton,2022-09-04,32.9,21.3,25.5,36,21.3,26.1,20.1,73.8,0,0,0,rain,0,0,66.6,25.3,356.6,1014.6,10.3,16,42.9,3.7,2,75,2022-09-04T07:04:50,2022-09-04T19:49:41,0.3,Clear,Clear conditions throughout the day.,clear-day,"E7108,72259453909,KAFW,C3518,KDTO,F7015,72259003927,KDFW,72258903991"
Denton,2022-09-05,32.8,18.5,25.4,34.4,18.5,26.2,19.1,71.5,0,0,0,,0,0,48,35,173.5,1013.2,13,15.9,106.4,9.3,6,60,2022-09-05T07:05:29,2022-09-05T19:48:22,0.33,Clear,Clear conditions throughout the day.,clear-day,"72259453909,KAFW,C3518,KDTO,F7015,72259003927,KDFW,72258903991"
Denton,2022-09-06,34.3,20.2,26.8,36.3,20.2,27.7,19.1,66,0,0,0,rain,0,0,12.2,11,102.1,1015,17.6,16,99,8.5,5,60,2022-09-06T07:06:09,2022-09-06T19:47:02,0.37,Clear,Clear conditions throughout the day.,clear-day,"E7108,72259453909,KAFW,C3518,KDTO,F7015,72259003927,KDFW,72258903991"
Denton,2022-09-07,34.4,20.2,27.2,37.1,20.2,28,19.6,67.2,0,0,0,,0,0,35.3,20.7,21.9,1015.5,4.2,16,122.5,10.4,6,75,2022-09-07T07:06:48,2022-09-07T19:45:41,0.4,Clear,Clear conditions throughout the day.,clear-day,"E7108,72259453909,KAFW,C3518,KDTO,F7015,72259003927,KDFW,72258903991"
Denton,2022-09-08,32.2,20.8,26.5,33,20.8,26.9,18.2,63.1,0,0,0,,0,0,26,18,91.7,1011.4,18.2,16,98.1,8.4,6,30,2022-09-08T07:07:28,2022-09-08T19:44:21,0.44,Clear,Clear conditions throughout the day.,clear-day,"D5204,72259453909,KAFW,KDTO,F7015,72259003927,KDFW,72258903991"
Denton,2022-09-09,31.7,18.6,25.5,31.1,18.6,25.4,16.1,59.5,0,0,0,,0,0,31.7,16.3,129.9,1008.9,8.9,16,112.1,9.7,6,10,2022-09-09T07:08:07,2022-09-09T19:43:00,0.47,Clear,Clear conditions throughout the day.,clear-day,"E7108,72259453909,KAFW,C3518,KDTO,F7015,72259003927,KDFW,72258903991"
Denton,2022-09-10,31.7,14.6,23.7,31.1,14.6,23.6,15.1,63,0,0,0,,0,0,27.7,14.6,42.9,1013.7,7,16,115.6,9.9,7,10,2022-09-10T07:08:46,2022-09-10T19:41:39,0.5,Clear,Clear conditions throughout the day.,clear-day,"72259453909,KAFW,C3518,KDTO,F7015,72259003927,KDFW,72258903991"
Denton,2022-09-11,28.4,18.5,22.6,28.2,18.5,22.7,15.1,64.3,0,0,0,,0,0,42.1,27.7,346.3,1020,11.1,16,89.7,7.6,6,10,2022-09-11T07:09:26,2022-09-11T19:40:17,0.54,Clear,Clear conditions throughout the day.,clear-day,"E7108,72259453909,KAFW,KDTO,F7015,72259003927,KDFW,72258903991"
Denton,2022-09-12,30,14,22.2,28.8,14,21.9,12.1,57,0,0,0,,0,0,14.8,11.1,54.7,1017.4,8.4,15.9,93.3,8,6,10,2022-09-12T07:10:05,2022-09-12T19:38:56,0.57,Clear,Clear conditions throughout the day.,clear-day,"72259453909,C3518,KAFW,KDTO,F7015,72259003927,KDFW,72258903991"
Denton,2022-09-13,32.2,15.9,24.5,32.5,15.9,24.5,15.3,60,0,0,0,,0,0,38.7,20.5,142.2,1013.8,5.8,15.9,132.4,11.4,6,10,2022-09-13T07:10:44,2022-09-13T19:37:34,0.61,Clear,Clear conditions throughout the day.,clear-day,"72259453909,KAFW,C3518,KDTO,F7015,72259003927,KDFW,72258903991"
Denton,2022-09-14,31.7,18.4,25.5,31.9,18.4,25.4,14.2,51.1,0,0,0,,0,0,25.9,18.2,128.4,1015.6,2.3,16,112.3,9.6,6,10,2022-09-14T07:11:24,2022-09-14T19:36:12,0.64,Clear,Clear conditions throughout the day.,clear-day,"72259453909,KAFW,C3518,KDTO,F7015,72259003927,KDFW,72258903991"
Denton,2022-09-15,31.1,15.2,24,29.8,15.2,23.7,12.8,52.8,0,0,0,,0,0,31.7,22.1,142.4,1017.1,1.4,16,185.8,16,6,10,2022-09-15T07:12:03,2022-09-15T19:34:50,0.67,Clear,Clear conditions throughout the day.,clear-day,"E7108,72259453909,KAFW,C3518,KDTO,F7015,72259003927,KDFW,72258903991"
Denton,2022-09-16,33.8,19.1,26.4,34.8,19.1,27.3,17.5,59.5,0,0,0,,0,0,37.1,25.6,152.8,1015.5,7.5,16,81.8,7.1,5,30,2022-09-16T07:12:43,2022-09-16T19:33:28,0.7,Clear,Clear conditions throughout the day.,clear-day,"72259453909,KAFW,C3518,KDTO,F7015,72259003927,KDFW,72258903991"
Denton,2022-09-17,34.3,23.9,29,37.8,23.9,30.8,21.2,65.1,0,0,0,,0,0,44.5,25.9,164.1,1013.8,13.1,16,95.7,8.3,6,60,2022-09-17T07:13:22,2022-09-17T19:32:05,0.75,Clear,Clear conditions throughout the day.,clear-day,"72259453909,KAFW,KDTO,F7015,72259003927,KDFW,72258903991"
Denton,2022-09-18,35,23.9,29.4,35.7,23.9,30.4,19.6,58.2,0,0,0,,0,0,40,23.9,170,1014.2,0.7,16,103.3,8.8,6,30,2022-09-18T07:14:02,2022-09-18T19:30:43,0.77,Clear,Clear conditions throughout the day.,clear-day,"72259453909,KAFW,C3518,KDTO,F7015,72259003927,KDFW,72258903991"
Denton,2022-09-19,35.6,20.8,28.5,37.5,20.8,29.7,19.8,62.6,0,0,0,,0,0,37.1,22.2,163.3,1014.9,8.9,16,90.7,7.8,6,30,2022-09-19T07:14:42,2022-09-19T19:29:20,0.8,Clear,Clear conditions throughout the day.,clear-day,"72259453909,KAFW,C3518,KDTO,F7015,72259003927,KDFW,72258903991"
Denton,2022-09-20,36.1,20.9,28.8,37.8,20.9,29.7,19.1,60.1,0,0,0,,0,0,38.8,18.4,165,1015.2,7.8,16,111.7,9.5,7,30,2022-09-20T07:15:21,2022-09-20T19:27:58,0.83,Clear,Clear conditions throughout the day.,clear-day,"72259453909,KAFW,C3518,KDTO,F7015,72259003927,KDFW,72258903991"
Denton,2022-09-21,36.6,20.8,28.7,36.8,20.8,29,17.5,55.4,0,0,0,,0,0,33.5,20.3,179.3,1014.6,2.1,16,95.3,8.2,6,30,2022-09-21T07:16:01,2022-09-21T19:26:36,0.86,Clear,Clear conditions throughout the day.,clear-day,"72259453909,KAFW,KDTO,F7015,72259003927,KDFW,72258903991"
Denton,2022-09-22,36.7,18.5,27.2,35.5,18.5,26.9,15,53.8,0,0,0,,0,0,26.6,12.7,110.5,1014.6,0.6,16,93.8,8.2,6,10,2022-09-22T07:16:41,2022-09-22T19:25:13,0.9,Clear,Clear conditions throughout the day.,clear-day,"E7108,72259453909,KAFW,C3518,KDTO,F7015,72259003927,KDFW,72258903991"
Denton,2022-09-23,35.6,18.5,27.4,35.4,18.5,27.5,16.3,54.9,0,0,0,,0,0,35.3,22.1,148.3,1014.6,5.1,16,76.9,6.7,5,10,2022-09-23T07:17:21,2022-09-23T19:23:51,0.93,Clear,Clear conditions throughout the day.,clear-day,"72259453909,KAFW,C3518,KDTO,F7015,72259003927,KDFW,72258903991"
Denton,2022-09-24,36.6,21.4,28.7,34.9,21.4,28.5,15.6,48.7,0,0,0,,0,0,35.3,21.9,173.7,1013.9,1.9,16,103,8.9,6,10,2022-09-24T07:18:01,2022-09-24T19:22:29,0.96,Clear,Clear conditions throughout the day.,clear-day,"E7108,72259453909,KAFW,KDTO,F7015,72259003927,KDFW,72258903991"
Denton,2022-09-25,37.2,21.9,28.6,36.9,21.9,28.7,15.8,49.1,0,0,0,,0,0,42.2,26.9,29.1,1013.7,11.9,16,67.9,6,5,30,2022-09-25T07:18:42,2022-09-25T19:21:07,0,Clear,Clear conditions throughout the day.,clear-day,"72259453909,KAFW,KDTO,F7015,72259003927,KDFW,72258903991"
Denton,2022-09-26,30.6,15.3,22.8,28.8,15.3,22.2,7,40.1,0,0,0,,0,0,42.5,22.2,22.7,1018.8,0,16,83.4,7.2,5,10,2022-09-26T07:19:22,2022-09-26T19:19:45,0.03,Clear,Clear conditions throughout the day.,clear-day,"E7108,72259453909,KAFW,KDTO,F7015,72259003927,KDFW,72258903991"
Denton,2022-09-27,32.2,10.9,22,30,10.9,21.3,6.9,45.5,0,0,0,,0,0,37.1,18,138.3,1019.8,0.5,16,103.3,9,5,10,2022-09-27T07:20:03,2022-09-27T19:18:24,0.06,Clear,Clear conditions throughout the day.,clear-day,"E7108,72259453909,KAFW,C3518,KDTO,F7015,72259003927,KDFW,72258903991"
Denton,2022-09-28,32.8,14.2,24.2,30.7,14.2,23.5,8.2,40.6,0,0,0,,0,0,35.3,23.7,179.8,1021.7,6.6,16,90,7.8,5,10,2022-09-28T07:20:44,2022-09-28T19:17:02,0.1,Clear,Clear conditions throughout the day.,clear-day,"E7108,72259453909,C3518,KAFW,KDTO,F7015,72259003927,KDFW,72258903991"
Denton,2022-09-29,26.7,18.8,22.6,26.3,18.8,22.6,8.2,40.5,0,0,0,,0,0,47.4,31.5,125,1021.4,0.1,16,105,9,5,10,2022-09-29T07:21:25,2022-09-29T19:15:41,0.14,Clear,Clear conditions throughout the day.,clear-day,"72259453909,KAFW,C3518,KDTO,F7015,72259003927,KDFW,72258903991"
Denton,2022-09-30,27.2,12.4,19.9,26.4,12.4,19.8,7.3,46.9,0,0,0,,0,0,21.6,18.1,122,1017.9,0.3,16,102.2,9,5,10,2022-09-30T07:22:07,2022-09-30T19:14:21,0.17,Clear,Clear conditions throughout the day.,clear-day,"72259453909,KAFW,C3518,KDTO,F7015,72259003927,KDFW,72258903991"
Denton,2022-10-01,27.8,7.5,17.3,26.7,6.9,17,5.8,54.7,0,0,0,,0,0,29.5,14.7,119,1017.6,0,16,100.7,8.7,5,10,2022-10-01T07:22:48,2022-10-01T19:13:00,0.21,Clear,Clear conditions throughout the day.,clear-day,"72259453909,KAFW,C3518,KDTO,F7015,72259003927,KDFW,72258903991"
Denton,2022-10-02,28.8,8.7,18.3,27.4,7.6,17.9,6.7,53.4,0,0,0,,0,0,16.2,13,93.7,1020.7,0.3,16,96.6,8.4,5,10,2022-10-02T07:23:30,2022-10-02T19:11:40,0.25,Clear,Clear conditions throughout the day.,clear-day,"72259453909,KAFW,C3518,KDTO,F7015,72259003927,KDFW,72258903991"
Denton,2022-10-03,29.3,8.6,18.6,27.8,8,18.2,7,53.7,0,0,0,,0,0,15.1,16.2,117.1,1020.9,0.1,16,90,7.8,5,10,2022-10-03T07:24:12,2022-10-03T19:10:20,0.28,Clear,Clear conditions throughout the day.,clear-day,"72259453909,KAFW,C3518,KDTO,F7015,72259003927,KDFW,72258903991"
Denton,2022-10-04,29.3,10.2,19.5,27.9,10.2,19.1,8.5,55,0,0,0,,0,0,25.9,16.2,137,1018.7,0.7,16,94.2,8.4,5,10,2022-10-04T07:24:54,2022-10-04T19:09:01,0.32,Clear,Clear conditions throughout the day.,clear-day,"E7108,72259453909,1130W,KAFW,KDTO,F7015,72259003927,KDFW,72258903991"
Denton,2022-10-05,30.6,10.9,20.3,28.8,10.9,19.7,7.9,52.7,0,0,0,,0,0,15.5,16.2,109.9,1018.4,1.4,16,97.7,8.5,5,10,2022-10-05T07:25:37,2022-10-05T19:07:42,0.35,Clear,Clear conditions throughout the day.,clear-day,"72259453909,KAFW,C3518,KDTO,F7015,72259003927,KDFW,72258903991"
Denton,2022-10-06,32.8,12,22.1,30.8,12,21.6,8.8,48.2,0,0,0,,0,0,19.4,9.4,6,1020.1,7.5,16,98.4,8.4,5,10,2022-10-06T07:26:20,2022-10-06T19:06:23,0.39,Clear,Clear conditions throughout the day.,clear-day,"72259453909,C3518,KAFW,KDTO,F7015,72259003927,KDFW,72258903991"
Denton,2022-10-07,30.6,14.6,22.4,29,14.6,22,10.1,49.3,0,0,0,,0,0,35.3,27.3,23.8,1022.7,40.7,16,77.4,6.8,5,10,2022-10-07T07:27:03,2022-10-07T19:05:05,0.42,Partially cloudy,Partly cloudy throughout the day.,partly-cloudy-day,"72259453909,KAFW,C3518,KDTO,F7015,72259003927,KDFW,72258903991"
Denton,2022-10-08,23.4,14,18.7,23.4,14,18.7,8.4,52,0,0,0,,0,0,38.9,22.3,11.1,1026.6,53.5,16,61.8,5.3,3,10,2022-10-08T07:27:47,2022-10-08T19:03:48,0.46,Partially cloudy,Partly cloudy throughout the day.,partly-cloudy-day,"72259453909,C3518,KAFW,KDTO,F7015,72259003927,KDFW,72258903991"
Denton,2022-10-09,26.7,11.8,18.9,26.7,11.8,18.9,10.7,61.1,0,0,0,,0,0,17.3,12.8,57.4,1024.6,22,16,105.5,9.1,3,10,2022-10-09T07:28:30,2022-10-09T19:02:31,0.5,Partially cloudy,Partly cloudy throughout the day.,partly-cloudy-day,"72259453909,C3518,KAFW,KDTO,F7015,72259003927,KDFW,72258903991"
Denton,2022-10-10,30.6,13.1,22.6,29.5,13.1,22.3,12.6,57.8,0,0,0,,0,0,38.9,29.2,173.4,1020.1,11.2,16,63.6,5.4,3,10,2022-10-10T07:29:14,2022-10-10T19:01:15,0.53,Clear,Clear conditions throughout the day.,clear-day,"72259453909,KAFW,C3518,KDTO,F7015,72259003927,KDFW,72258903991"
Denton,2022-10-11,27.2,18.9,22.3,27.5,18.9,22.3,15.1,64.4,2.428,100,8.33,rain,0,0,50.1,33.3,165.3,1016.1,64.9,15.2,38.3,3.4,3,10,2022-10-11T07:29:59,2022-10-11T18:59:59,0.56,"Rain, Partially cloudy",Partly cloudy throughout the day with afternoon rain.,rain,"72259453909,KAFW,C3518,KDTO,F7015,72259003927,KDFW,72258903991"
Denton,2022-10-12,32.9,19.5,25.4,32.5,19.5,25.3,14.8,55,0,0,0,,0,0,45.7,22.1,248.9,1011.7,8.8,16,68.9,6,3,30,2022-10-12T07:30:44,2022-10-12T18:58:44,0.59,Clear,Clear conditions throughout the day.,clear-day,"72259453909,KAFW,C3518,KDTO,F7015,72259003927,KDFW,72258903991"
Denton,2022-10-13,27.8,8.6,18.7,26.5,7.4,18.4,3.5,41.7,0,0,0,,0,0,27.7,18.3,355.8,1016.8,0,16,67.3,5.8,4,10,2022-10-13T07:31:29,2022-10-13T18:57:30,0.62,Clear,Clear conditions throughout the day.,clear-day,"72259453909,KAFW,C3518,KDTO,F7015,72259003927,KDFW,72258903991"
Denton,2022-10-14,30.6,7.5,19.3,28.7,7.5,18.9,4.8,45.2,0,0,0,,0,0,35.4,25.7,200.2,1014.1,1.2,15.9,69,5.9,3,10,2022-10-14T07:32:14,2022-10-14T18:56:16,0.66,Clear,Clear conditions throughout the day.,clear-day,"72259453909,KAFW,C3518,KDTO,F7015,72259003927,KDFW,72258903991"
Denton,2022-10-15,34.3,18.6,26.4,34,18.6,26.4,15.8,55.3,0,0,0,,0,0,46.4,29.6,186.6,1012.4,7.2,16,68.2,5.7,5,75,2022-10-15T07:33:00,2022-10-15T18:55:03,0.69,Clear,Clear conditions throughout the day.,clear-day,"72259453909,KAFW,C3518,KDTO,F7015,72259003927,KDFW,72258903991"
Denton,2022-10-16,25,17.2,20.3,25,17.2,20.3,16.2,78.5,6.573,100,25,rain,0,0,58.1,33,22.9,1016.3,73.6,15.6,12.4,0.9,1,10,2022-10-16T07:33:46,2022-10-16T18:53:51,0.72,"Rain, Partially cloudy",Partly cloudy throughout the day with rain in the morning and afternoon.,rain,"E7108,72259453909,KAFW,C3518,KDTO,F7015,72259003927,KDFW,72258903991"
Denton,2022-10-17,20.7,9,16.4,20.7,8.4,16.4,5.1,51.1,0,0,0,,0,0,44.5,29.4,1.4,1021,32.8,16,62.5,5.3,3,10,2022-10-17T07:34:33,2022-10-17T18:52:40,0.75,Partially cloudy,Partly cloudy throughout the day.,partly-cloudy-day,"72259453909,KAFW,C3518,KDTO,F7015,72259003927,KDFW,72258903991"
Denton,2022-10-18,17.9,5.2,10.5,17.9,3.4,10,-1.7,47.6,0,0,0,,0,0,37.1,24.1,355.5,1025.3,0.5,16,74.9,6.4,4,10,2022-10-18T07:35:20,2022-10-18T18:51:29,0.78,Clear,Clear conditions throughout the day.,clear-day,"72259453909,KAFW,C3518,KDTO,F7015,72259003927,KDFW,72258903991"
Denton,2022-10-19,19.4,0.9,9.9,19.4,-0.7,9.7,-2.3,49.7,0,0,0,,0,0,23,13,158.7,1025.2,0.2,16,69.2,5.8,4,10,2022-10-19T07:36:07,2022-10-19T18:50:20,0.82,Clear,Clear conditions throughout the day.,clear-day,"72259453909,KAFW,C3518,KDTO,F7015,72259003927,KDFW,72258903991"
Denton,2022-10-20,28.9,7.4,17.1,27.4,5.3,16.6,4.5,47.2,0,0,0,,0,0,48.2,22.2,279,1014.6,0.3,16,91.2,7.8,5,10,2022-10-20T07:36:55,2022-10-20T18:49:11,0.85,Clear,Clear conditions throughout the day.,clear-day,"72259453909,KAFW,C3518,KDTO,F7015,72259003927,KDFW,72258903991"
Denton,2022-10-21,33.3,5.3,19.5,31,5.3,18.7,6.3,52.6,0,0,0,,0,0,48.1,31.5,180.3,1011.2,0.1,16,89.5,7.7,6,10,2022-10-21T07:37:43,2022-10-21T18:48:03,0.88,Clear,Clear conditions throughout the day.,clear-day,"72259453909,KAFW,KDTO,F7015,72259003927,KDFW,72258903991"
Denton,2022-10-22,30.7,17.9,24.3,30,17.9,24.2,13.3,52.1,0,0,0,,0,0,61.9,44.6,177,1007.6,3.4,15.6,83.9,7.2,4,10,2022-10-22T07:38:32,2022-10-22T18:46:56,0.91,Clear,Clear conditions throughout the day.,clear-day,"72259453909,KAFW,KDTO,F7015,72259003927,KDFW,72258903991"
Denton,2022-10-23,30,20,25.1,29.9,20,25.2,16,58.8,0,0,0,,0,0,70.9,44.8,170.7,1007.5,14,16,57.6,4.8,3,10,2022-10-23T07:39:21,2022-10-23T18:45:51,0.94,Clear,Clear conditions throughout the day.,clear-day,"72259453909,KAFW,KDTO,F7015,72259003927,KDFW,72258903991"
Denton,2022-10-24,25,16.8,20.3,25,16.8,20.3,17.6,85.6,26.108,100,58.33,rain,0,0,68.7,33.6,174.6,1006.3,89.7,14.5,45.3,3.8,5,10,2022-10-24T07:40:10,2022-10-24T18:44:46,0.98,"Rain, Partially cloudy",Partly cloudy throughout the day with rain.,rain,"72259453909,KAFW,C3518,KDTO,F7015,72259003927,KDFW,72258903991"
Denton,2022-10-25,21.1,7.5,14.3,21.1,7.5,14.3,5.3,59.7,0.306,100,8.33,rain,0,0,68.7,40.4,296,1012.8,31.9,16,74.3,6.4,4,10,2022-10-25T07:41:00,2022-10-25T18:43:42,0,"Rain, Partially cloudy",Clearing in the afternoon with early morning rain.,rain,"72259453909,KAFW,C3518,KDTO,F7015,72259003927,KDFW,72258903991"
Denton,2022-10-26,21.7,4.5,13.5,21.7,4.1,13.5,4.8,61.5,0,0,0,,0,0,31.7,14.8,111.4,1017.3,0,16,78.7,6.6,5,10,2022-10-26T07:41:50,2022-10-26T18:42:39,0.04,Clear,Clear conditions throughout the day.,clear-day,"72259453909,KAFW,C3518,KDTO,F7015,72259003927,KDFW,72258903991"
Denton,2022-10-27,22.9,9,16.4,22.9,7.9,16.4,6,52.4,0,0,0,,0,0,44.6,25.9,132.3,1014.9,5.8,16,68,5.9,4,10,2022-10-27T07:42:40,2022-10-27T18:41:38,0.08,Clear,Clear conditions throughout the day.,clear-day,"72259453909,KAFW,KDTO,F7015,72259003927,KDFW,72258903991"
Denton,2022-10-28,17.8,11.2,13.4,17.8,11.2,13.4,10.2,83.1,43.333,100,70.83,rain,0,0,89.7,52.7,35.8,1017.8,99.4,11.3,6.2,0.5,1,10,2022-10-28T07:43:31,2022-10-28T18:40:37,0.12,"Rain, Overcast",Cloudy skies throughout the day with rain.,rain,"E7108,72259453909,KAFW,C3518,KDTO,F7015,72259003927,KDFW,72258903991"
Denton,2022-10-29,17.8,11.8,14.4,17.8,11.8,14.4,12.4,87.8,3.753,100,54.17,rain,0,0,37.4,23.9,339.1,1017.4,99,15.3,10.8,0.8,1,10,2022-10-29T07:44:23,2022-10-29T18:39:38,0.15,"Rain, Overcast",Cloudy skies throughout the day with a chance of rain throughout the day.,rain,"E7108,72259453909,KAFW,C3518,KDTO,F7015,72259003927,KDFW,72258903991"
Denton,2022-10-30,23.8,10.9,16.4,23.8,10.9,16.4,10.4,71.2,0,0,0,,0,0,29.6,20.4,315.6,1014.4,11.8,16,71,6.2,4,10,2022-10-30T07:45:14,2022-10-30T18:38:40,0.19,Clear,Clear conditions throughout the day.,clear-day,"72259453909,KAFW,C3518,KDTO,F7015,72259003927,KDFW,72258903991"
Denton,2022-10-31,24.9,6.4,14.7,24.9,5.6,14.6,8.1,70.5,0,0,0,rain,0,0,11.5,10.9,130.7,1016.1,3.5,16,56.7,4.9,3,10,2022-10-31T07:46:06,2022-10-31T18:37:43,0.22,Clear,Clear conditions throughout the day.,clear-day,"72259453909,KAFW,C3518,KDTO,F7015,72259003927,KDFW,72258903991"
Denton,2022-11-01,25,9,16.5,25,8.6,16.5,10.4,70.8,0,0,0,,0,0,31.7,18.3,160.7,1019.7,5.9,16,64.5,5.5,4,10,2022-11-01T07:46:58,2022-11-01T18:36:48,0.25,Clear,Clear conditions throughout the day.,clear-day,"72259453909,KAFW,C3518,KDTO,F7015,72259003927,KDFW,72258903991"
Denton,2022-11-02,22.9,13.4,18,22.9,13.4,18,13.9,78.7,0,0,0,rain,0,0,40.5,25.9,162.8,1021,38.7,14.7,61.5,5.2,4,10,2022-11-02T07:47:51,2022-11-02T18:35:54,0.29,Partially cloudy,Partly cloudy throughout the day.,partly-cloudy-day,"72259453909,KAFW,C3518,KDTO,F7015,72259003927,KDFW,72258903991"
Denton,2022-11-03,26.2,16.8,21.7,26.2,16.8,21.7,17.9,80,0,0,0,rain,0,0,57.5,36.7,157.9,1015.2,70,15.5,29.3,2.4,1,30,2022-11-03T07:48:44,2022-11-03T18:35:01,0.33,Partially cloudy,Partly cloudy throughout the day.,partly-cloudy-day,"E7108,72259453909,KAFW,KDTO,F7015,72259003927,KDFW,72258903991"
Denton,2022-11-04,23.8,7.9,19.4,23.8,6.6,19.3,16.2,81.8,27.01,100,25,rain,0,0,65.9,38.8,187.7,1008.9,78.9,15.4,32,2.6,1,60,2022-11-04T07:49:37,2022-11-04T18:34:09,0.37,"Rain, Partially cloudy",Partly cloudy throughout the day with afternoon rain.,rain,"E7108,72259453909,C3518,KAFW,KDTO,F7015,72259003927,KDFW,72258903991"
Denton,2022-11-05,18.9,3.5,11.1,18.9,1.5,10.3,5,69.1,0,0,0,,0,0,40.7,18.6,185,1011.8,1,16,54.7,4.7,4,10,2022-11-05T07:50:31,2022-11-05T18:33:19,0.4,Clear,Clear conditions throughout the day.,clear-day,"72259453909,KAFW,C3518,KDTO,F7015,72259003927,KDFW,72258903991"
Denton,2022-11-06,26.7,12.3,17.9,26.5,12.3,17.9,9.7,61.8,0,0,0,,0,0,43.2,25.7,170.6,1011.3,2.5,16,48.7,4.2,4,10,2022-11-06T06:51:25,2022-11-06T17:32:31,0.44,Clear,Clear conditions throughout the day.,clear-day,"72259453909,KAFW,C3518,KDTO,F7015,72259003927,KDFW,72258903991"
Denton,2022-11-07,26.1,13,19.7,26.1,13,19.7,18.6,93.7,0.848,100,25,rain,0,0,47.9,14.2,93.5,1020.3,86.2,11.3,16.3,1.4,1,60,2022-11-07T06:52:19,2022-11-07T17:31:43,0.47,"Rain, Partially cloudy",Partly cloudy throughout the day with a chance of rain throughout the day.,rain,"E7108,72259453909,KAFW,C3518,KDTO,F7015,72259003927,KDFW,72258903991"
Denton,2022-11-08,25.7,20,22.4,25.7,20,22.4,20,87.2,0,0,0,rain,0,0,36,18.1,129.6,1022.5,70.5,13.2,26.8,2.5,2,30,2022-11-08T06:53:13,2022-11-08T17:30:58,0.5,Partially cloudy,Partly cloudy throughout the day.,partly-cloudy-day,"72259453909,KAFW,C3518,KDTO,F7015,72259003927,KDFW,72258903991"
Denton,2022-11-09,27.8,19.4,22.4,28.2,19.4,22.5,18,77.9,0,0,0,,0,0,47.9,33.7,153.2,1018.8,45.6,13.2,46,3.9,4,10,2022-11-09T06:54:08,2022-11-09T17:30:13,0.54,Partially cloudy,Partly cloudy throughout the day.,partly-cloudy-day,"72259453909,KAFW,C3518,KDTO,F7015,72259003927,KDFW,72258903991"
Denton,2022-11-10,22.8,18.3,20.5,22.8,18.3,20.5,17.9,85.4,0,0,0,,0,0,38.9,24.2,162.7,1011.9,48.8,16,30.3,2.5,2,30,2022-11-10T06:55:03,2022-11-10T17:29:31,0.57,Partially cloudy,Partly cloudy throughout the day.,partly-cloudy-day,"72259453909,KAFW,C3518,KDTO,F7015,72259003927,KDFW,72258903991"
Denton,2022-11-11,19.3,3.4,9,19.3,0.1,6.1,5.1,77.4,16.289,100,33.33,rain,0,0,60.7,42.3,350.7,1015.1,90,14.8,33.5,2.9,2,10,2022-11-11T06:55:58,2022-11-11T17:28:49,0.61,"Rain, Partially cloudy",Partly cloudy throughout the day with a chance of rain throughout the day.,rain,"72259453909,KAFW,C3518,KDTO,F7015,72259003927,KDFW,72258903991"
Denton,2022-11-12,11.7,-1.1,4.2,11.7,-4.4,2.1,-3.1,63.3,0,0,0,,0,0,42.5,22.3,352.2,1026.1,1.9,15.9,62.1,5.2,3,10,2022-11-12T06:56:53,2022-11-12T17:28:10,0.64,Clear,Clear conditions throughout the day.,clear-day,"72259453909,KAFW,C3518,KDTO,F7015,72259003927,KDFW,72258903991"
Denton,2022-11-13,11.7,-2.6,4.9,11.7,-3.4,3.7,-2.9,61.9,0,0,0,,0,0,29.2,14.7,126.9,1024.4,2.6,16,58.9,5.2,4,10,2022-11-13T06:57:48,2022-11-13T17:27:32,0.67,Clear,Clear conditions throughout the day.,clear-day,"72259453909,C3518,KAFW,KDTO,F7015,72259003927,KDFW,72258903991"
Denton,2022-11-14,6.7,3.9,5.3,3.9,0.8,2.4,1.9,79.9,7.723,100,29.17,rain,0,0,39.6,20.3,81.1,1018.5,87,13.7,5.8,0.5,0,10,2022-11-14T06:58:44,2022-11-14T17:26:55,0.7,"Rain, Partially cloudy",Partly cloudy throughout the day with rain in the morning and afternoon.,rain,"D5204,72259453909,KAFW,C3518,KDTO,F7015,72259003927,KDFW,72258903991"
Denton,2022-11-15,8.3,1.7,4.2,8.3,-3.1,1.5,1.3,82.1,0.106,100,4.17,rain,0,0,34.6,20.7,331,1027.5,60.2,15.9,33.4,2.7,4,10,2022-11-15T06:59:39,2022-11-15T17:26:20,0.74,"Rain, Partially cloudy",Partly cloudy throughout the day with early morning rain.,rain,"E7108,72259453909,KAFW,C3518,KDTO,F7015,72259003927,KDFW,72258903991"
Denton,2022-11-16,13.3,-0.5,5.2,13.3,-3.2,4.4,-1,68.2,0,0,0,,0,0,21.2,14.5,345.4,1031.8,3.4,16,49.3,4.3,3,10,2022-11-16T07:00:35,2022-11-16T17:25:47,0.75,Clear,Clear conditions throughout the day.,clear-day,"E7108,72259453909,KAFW,C3518,KDTO,F7015,72259003927,KDFW,72258903991"
Denton,2022-11-17,15,-3.1,5.8,15,-4.6,5.1,-1,66.3,0,0,0,,0,0,23.4,16.2,177.4,1029.3,0.9,16,64.5,5.6,4,10,2022-11-17T07:01:30,2022-11-17T17:25:16,0.8,Clear,Clear conditions throughout the day.,clear-day,"72259453909,KAFW,C3518,KDTO,F7015,72259003927,KDFW,72258903991"
Denton,2022-11-18,7.2,0.9,4.5,5.7,-1.9,1.5,-1.4,66.5,0,0,0,,0,0,38.9,25.5,22.9,1028.9,55.5,16,37.4,3.2,2,10,2022-11-18T07:02:26,2022-11-18T17:24:46,0.83,Partially cloudy,Partly cloudy throughout the day.,partly-cloudy-day,"E7108,72259453909,C3518,KAFW,KDTO,F7015,72259003927,KDFW,72258903991"
Denton,2022-11-19,7.2,-1.4,2.2,7.2,-4.3,-0.3,-6.1,55.4,0,0,0,,0,0,26.6,20.4,348.8,1031.7,63.2,16,15.8,1.3,1,10,2022-11-19T07:03:21,2022-11-19T17:24:18,0.86,Partially cloudy,Partly cloudy throughout the day.,partly-cloudy-day,"72259453909,C3518,KAFW,KDTO,F7015,72259003927,KDFW,72258903991"
Denton,2022-11-20,10,-4.2,3.6,9.4,-8.1,2.3,-4.4,59.8,0.019,100,8.33,rain,0,0,23.8,12.7,127.8,1031.1,11.5,16,58,5.1,4,10,2022-11-20T07:04:16,2022-11-20T17:23:52,0.9,Rain,Clear conditions throughout the day with late afternoon rain.,rain,"E7108,72259453909,KAFW,C3518,KDTO,F7015,72259003927,KDFW,72258903991"
Denton,2022-11-21,11.7,3.9,7.4,11.7,1.5,6,3,74.9,0.035,100,12.5,rain,0,0,23.4,16.6,173.2,1028.4,82.9,16,24.9,2.1,1,10,2022-11-21T07:05:12,2022-11-21T17:23:28,0.93,"Rain, Partially cloudy",Partly cloudy throughout the day with early morning rain.,rain,"72259453909,KAFW,C3518,KDTO,F7015,72259003927,KDFW,72258903991"
Denton,2022-11-22,15,3.1,8.6,15,2.8,8.3,5.3,80.5,0,0,0,,0,0,19.1,14.8,166.5,1025.9,55.3,15.5,34,2.9,2,10,2022-11-22T07:06:07,2022-11-22T17:23:05,0.96,Partially cloudy,Partly cloudy throughout the day.,partly-cloudy-day,"E7108,72259453909,KAFW,C3518,KDTO,F7015,72259003927,KDFW,72258903991"
Denton,2022-11-23,13.4,6.3,11,13.4,6.3,11,9.4,90.1,6.898,100,29.17,rain,0,0,38.5,20.4,142,1018.9,99.5,13.7,9.5,0.9,0,10,2022-11-23T07:07:01,2022-11-23T17:22:44,0,"Rain, Overcast",Cloudy skies throughout the day with rain.,rain,"72259453909,C3518,KAFW,KDTO,F7015,72259003927,KDFW,72258903991"
Denton,2022-11-24,13.4,11.2,12.1,13.4,11.2,12.1,11.8,97.9,14.595,100,79.17,rain,0,0,44.5,31.1,19,1015.6,100,6.5,3.2,0.1,0,10,2022-11-24T07:07:56,2022-11-24T17:22:25,0.03,"Rain, Overcast",Cloudy skies throughout the day with a chance of rain throughout the day.,rain,"72259453909,C3518,KAFW,KDTO,F7015,72259003927,KDFW,72258903991"
Denton,2022-11-25,14.4,9.4,12,14.4,6.2,11.6,9.3,83.9,0.418,100,8.33,rain,0,0,45,26,19.1,1021.5,96,15.2,47.3,3.8,1,10,2022-11-25T07:08:50,2022-11-25T17:22:08,0.06,"Rain, Overcast",Cloudy skies throughout the day with late afternoon rain.,rain,"72259453909,KAFW,C3518,KDTO,F7015,72259003927,KDFW,72258903991"
Denton,2022-11-26,11.7,8.4,10.5,11.7,6,9.5,9.7,95.1,23.892,100,50,rain,0,0,50,24.2,293.5,1010.1,97.9,10.5,37.3,3.3,0,10,2022-11-26T07:09:44,2022-11-26T17:21:52,0.1,"Rain, Overcast",Cloudy skies throughout the day with a chance of rain throughout the day.,rain,"E7108,72259453909,KAFW,C3518,KDTO,F7015,72259003927,KDFW,72258903991"
Denton,2022-11-27,17.2,4.5,10.4,17.2,2.7,9.4,6,76,0,0,0,,0,0,30.6,22.1,299.9,1012.1,14.7,16,68.3,5.9,5,10,2022-11-27T07:10:38,2022-11-27T17:21:39,0.13,Clear,Clear conditions throughout the day.,clear-day,"72259453909,KAFW,C3518,KDTO,F7015,72259003927,KDFW,72258903991"
Denton,2022-11-28,20,0.8,10.5,20,0.8,10.4,5.6,74.4,0,0,0,rain,0,0,44.6,31.6,160.1,1012.1,1,16,70.8,6.2,5,10,2022-11-28T07:11:31,2022-11-28T17:21:27,0.17,Clear,Clear conditions throughout the day.,clear-day,"72259453909,KAFW,C3518,KDTO,F7015,72259003927,KDFW,72258903991"
Denton,2022-11-29,26.2,5.7,17.9,26.2,0.8,17.3,11.1,67.9,0,0,0,rain,0,0,66.5,46.5,225.4,1007.3,16.9,15.9,89.6,7.7,4,30,2022-11-29T07:12:24,2022-11-29T17:21:17,0.2,Clear,Clear conditions throughout the day.,clear-day,"E7108,72259453909,KAFW,C3518,KDTO,72259003927,KDFW,72258903991"
Denton,2022-11-30,10,-1.1,4.1,10,-5.3,0.9,-5.2,53.4,0,0,0,,0,0,49.6,26.2,8.9,1028.8,1.2,16,92,8.1,5,10,2022-11-30T07:13:16,2022-11-30T17:21:09,0.25,Clear,Clear conditions throughout the day.,clear-day,"E7108,72259453909,KAFW,C3518,KDTO,F7015,72259003927,KDFW,72258903991"
Denton,2022-12-01,10.7,-2,5.7,10.7,-4.3,4.8,-3,57.2,0,0,0,,0,0,42.5,23.8,145.5,1027.3,52.3,16,12.4,1,1,10,2022-12-01T07:14:07,2022-12-01T17:21:03,0.27,Partially cloudy,Becoming cloudy in the afternoon.,partly-cloudy-day,"72259453909,KAFW,C3518,KDTO,F7015,72259003927,KDFW,72258903991"
Denton,2022-12-02,18.9,10,13.6,18.9,7,13.1,11.4,87,0,0,0,rain,0,0,47.2,27.5,173.7,1017.7,68.1,15.5,14.3,1.2,1,10,2022-12-02T07:14:58,2022-12-02T17:20:58,0.31,Partially cloudy,Partly cloudy throughout the day.,partly-cloudy-day,"72259453909,KAFW,C3518,KDTO,F7015,72259003927,KDFW,72258903991"
Denton,2022-12-03,14.6,5.7,10,14.6,1.7,8.5,-0.5,50,0,0,0,,0,0,61.1,33.5,359.8,1028.8,26.8,15.1,53.4,4.5,4,10,2022-12-03T07:15:49,2022-12-03T17:20:56,0.34,Partially cloudy,Partly cloudy throughout the day.,partly-cloudy-day,"E7108,72259453909,KAFW,C3518,KDTO,F7015,72259003927,KDFW,72258903991"
Denton,2022-12-04,13.8,7.3,10.1,13.8,4.6,9.4,1.7,57.4,0,0,0,rain,0,0,37.8,22.1,159.3,1023.3,77.3,15.7,43.9,3.7,4,10,2022-12-04T07:16:39,2022-12-04T17:20:55,0.38,Partially cloudy,Partly cloudy throughout the day.,partly-cloudy-day,"72259453909,KAFW,C3518,KDTO,F7015,72259003927,KDFW,72258903991"
Denton,2022-12-05,26.2,11.2,18.2,26.2,11.2,18.2,14,78.8,0,0,0,rain,0,0,50,29.5,190.8,1010,43,15.2,40.9,3.5,5,10,2022-12-05T07:17:28,2022-12-05T17:20:56,0.41,Partially cloudy,Partly cloudy throughout the day.,partly-cloudy-day,"E7108,72259453909,KAFW,C3518,KDTO,F7015,72259003927,KDFW,72258903991"
Denton,2022-12-06,22.3,14.4,18.1,22.3,14.4,18.1,15,82.9,0.008,100,4.17,rain,0,0,28.1,15,199.6,1012,30.7,16,25,2.3,1,10,2022-12-06T07:18:16,2022-12-06T17:20:59,0.45,"Rain, Partially cloudy",Becoming cloudy in the afternoon with late afternoon rain.,rain,"72259453909,C3518,KAFW,KDTO,F7015,72259003927,KDFW,72258903991"
Denton,2022-12-07,15.1,12.3,13.6,15.1,12.3,13.6,13.1,97.1,2.195,100,45.83,rain,0,0,22.3,14.7,14.4,1020.2,99.5,8.2,14.1,1.1,0,10,2022-12-07T07:19:03,2022-12-07T17:21:04,0.5,"Rain, Overcast",Cloudy skies throughout the day with a chance of rain throughout the day.,rain,"D5204,72259453909,C3518,KAFW,KDTO,F7015,72259003927,KDFW,72258903991"
Denton,2022-12-08,21.8,12.9,16.2,21.8,12.9,16.2,15,93.1,0.082,100,16.67,rain,0,0,20.5,9.3,320.5,1019.9,96.5,9.5,29.3,2.5,2,10,2022-12-08T07:19:49,2022-12-08T17:21:11,0.52,"Rain, Overcast",Cloudy skies throughout the day with late afternoon rain.,rain,"72259453909,KAFW,C3518,KDTO,F7015,72259003927,KDFW,72258903991"
Denton,2022-12-09,19.9,12.3,16.3,19.9,12.3,16.3,13.9,86.2,0.384,100,20.83,rain,0,0,24.1,25.6,57.2,1019.2,75.7,13.7,33.8,2.8,4,10,2022-12-09T07:20:35,2022-12-09T17:21:20,0.55,"Rain, Partially cloudy",Partly cloudy throughout the day with early morning rain.,rain,"72259453909,KAFW,C3518,KDTO,F7015,72259003927,KDFW,72258903991"
Denton,2022-12-10,18.9,12.2,15.8,18.9,12.2,15.8,15.4,97.5,39.352,100,62.5,rain,0,0,47.9,22.1,2.9,1017.9,100,6.8,4.3,0.2,0,10,2022-12-10T07:21:20,2022-12-10T17:21:30,0.58,"Rain, Overcast",Cloudy skies throughout the day with rain.,rain,"72259453909,KAFW,C3518,KDTO,F7015,72259003927,KDFW,72258903991"
Denton,2022-12-11,13.8,10,11.8,13.8,10,11.8,9.7,86.9,0.051,100,12.5,rain,0,0,20.5,16.7,352.8,1020,99.1,14.8,13,1.2,1,10,2022-12-11T07:22:03,2022-12-11T17:21:42,0.62,"Rain, Overcast",Cloudy skies throughout the day with early morning rain.,rain,"72259453909,KAFW,C3518,KDTO,F7015,72259003927,KDFW,72258903991"
Denton,2022-12-12,16.7,12.2,14.1,16.7,12.2,14.1,13.1,93.7,0.02,100,12.5,rain,0,0,45,26,129.8,1013.4,100,10.9,8,0.8,0,10,2022-12-12T07:22:46,2022-12-12T17:21:56,0.65,"Rain, Overcast",Cloudy skies throughout the day with late afternoon rain.,rain,"72259453909,C3518,KAFW,KDTO,F7015,72259003927,KDFW,72258903991"
Denton,2022-12-13,20,10.7,16.5,20,10.7,16.5,10.3,70.2,20.35,100,33.33,rain,0,0,90.7,33.4,186.2,1005.1,67.4,14.9,22.5,1.9,1,30,2022-12-13T07:23:27,2022-12-13T17:22:12,0.68,"Rain, Partially cloudy",Partly cloudy throughout the day with a chance of rain throughout the day.,rain,"E7108,D5204,72259453909,KAFW,C3518,KDTO,F7015,72259003927,KDFW,72258903991"
Denton,2022-12-14,13.4,3.5,9.1,13.4,0.9,8,-0.2,53.3,0,0,0,,0,0,51.8,27.8,302.6,1010.2,31,16,60,5.1,4,10,2022-12-14T07:24:07,2022-12-14T17:22:29,0.72,Partially cloudy,Clearing in the afternoon.,partly-cloudy-day,"72259453909,KAFW,C3518,KDTO,F7015,72259003927,KDFW,72258903991"
Denton,2022-12-15,11.8,0.1,5.3,11.8,-1.8,4.1,-2.8,59.2,0,0,0,,0,0,31.8,22.2,309.2,1017.1,0,16,61.1,5.3,4,10,2022-12-15T07:24:46,2022-12-15T17:22:49,0.75,Clear,Clear conditions throughout the day.,clear-day,"72259453909,KAFW,C3518,KDTO,F7015,72259003927,KDFW,72258903991"
Denton,2022-12-16,8.9,-1.4,3.8,6.3,-3.6,1.3,-4.8,57.5,0,0,0,,0,0,35.3,25.8,341.2,1020.4,19.1,16,41.3,3.6,2,10,2022-12-16T07:25:24,2022-12-16T17:23:09,0.75,Clear,Clear conditions throughout the day.,clear-day,"72259453909,C3518,KAFW,KDTO,F7015,72259003927,KDFW,72258903991"
Denton,2022-12-17,10.7,-2.5,3.3,10.7,-6.2,1.1,-6,54.1,0,0,0,,0,0,27.7,16.6,303.7,1022.9,0.7,16,57,4.8,4,10,2022-12-17T07:26:00,2022-12-17T17:23:32,0.81,Clear,Clear conditions throughout the day.,clear-day,"72259453909,KAFW,C3518,KDTO,F7015,72259003927,KDFW,72258903991"
Denton,2022-12-18,13.3,-4.8,4.8,13.3,-4.8,4.1,-5.8,53.8,0,0,0,,0,0,31.7,22.4,142.9,1024.4,22.5,16,57.6,5,4,10,2022-12-18T07:26:36,2022-12-18T17:23:56,0.85,Partially cloudy,Partly cloudy throughout the day.,partly-cloudy-day,"72259453909,KAFW,KDTO,F7015,72259003927,KDFW,72258903991"
Denton,2022-12-19,9.9,6.7,8.5,7.4,4.8,5.9,0.8,60.5,0,0,0,rain,0,0,37.1,25.9,144.5,1021.9,100,15.4,24.3,2,1,10,2022-12-19T07:27:09,2022-12-19T17:24:22,0.88,Overcast,Cloudy skies throughout the day.,cloudy,"72259453909,KAFW,C3518,KDTO,F7015,72259003927,KDFW,72258903991"
Denton,2022-12-20,12.2,1.8,7.5,12.2,-1.5,5.5,3,75.2,0.003,100,4.17,rain,0,0,37.1,22.2,20.3,1028.5,51.6,15.1,53.8,4.6,4,10,2022-12-20T07:27:42,2022-12-20T17:24:50,0.91,"Rain, Partially cloudy",Partly cloudy throughout the day with early morning rain.,rain,"72259453909,KAFW,C3518,KDTO,F7015,72259003927,KDFW,72258903991"
Denton,2022-12-21,10,-2.7,2.9,7.7,-4.9,0.9,-0.3,80.4,0,0,0,,0,0,25.9,16.5,214.9,1022.6,23.3,14.1,46.2,4,3,10,2022-12-21T07:28:13,2022-12-21T17:25:19,0.94,Partially cloudy,Clearing in the afternoon.,partly-cloudy-day,"72259453909,KAFW,C3518,KDTO,F7015,72259003927,KDFW,72258903991"
Denton,2022-12-22,6.7,-12.1,-4.5,5.2,-22.8,-12.1,-8.9,71.8,0,0,0,rain,0,0,70.4,46.5,332.4,1023.6,63,13.1,23.3,2.1,1,10,2022-12-22T07:28:42,2022-12-22T17:25:50,0.98,Partially cloudy,Partly cloudy throughout the day.,partly-cloudy-day,"72259453909,KAFW,C3518,KDTO,F7015,72259003927,KDFW,72258903991"
Denton,2022-12-23,-5,-12.1,-8.8,-7.1,-22.5,-16.3,-19.8,41.4,0,0,0,,0,0,50.4,31.5,328.7,1040.6,3.5,16,274.5,23.8,4,10,2022-12-23T07:29:10,2022-12-23T17:26:22,0,Clear,Clear conditions throughout the day.,clear-day,"E7108,72259453909,KAFW,C3518,KDTO,F7015,72259003927,KDFW,72258903991"
Denton,2022-12-24,2.2,-7.1,-3.4,2.2,-11.6,-5.9,-15.1,42.5,0,0,0,,0,0,16.6,11.4,298.3,1036.1,2.7,16,267.8,22.8,4,10,2022-12-24T07:29:37,2022-12-24T17:26:55,0.05,Clear,Clear conditions throughout the day.,clear-day,"72259453909,C3518,KAFW,KDTO,F7015,72259003927,KDFW,72258903991"
Denton,2022-12-25,10.7,-7.6,0.7,10.7,-11.2,-1,-10.6,49.2,0,0,0,,0,0,29.6,16.7,180.5,1028.3,2.1,16,68.5,5.9,4,10,2022-12-25T07:30:02,2022-12-25T17:27:30,0.08,Clear,Clear conditions throughout the day.,clear-day,"72259453909,C3518,KAFW,KDTO,F7015,72259003927,KDFW,72258903991"
Denton,2022-12-26,15,-3.7,3.9,15,-7.3,1.3,-5.7,51.3,0,0,0,,0,0,47.8,32.8,339.9,1024,11.7,16,37.3,3.1,1,10,2022-12-26T07:30:25,2022-12-26T17:28:07,0.11,Clear,Clear conditions throughout the day.,clear-day,"72259453909,KAFW,C3518,KDTO,F7015,72259003927,KDFW,72258903991"
Denton,2022-12-27,10.7,-7,1.5,10.7,-10,-1.4,-7,56.1,0,0,0,,0,0,38.9,24.2,156.8,1023.4,2,15.6,41,3.3,4,10,2022-12-27T07:30:47,2022-12-27T17:28:45,0.15,Clear,Clear conditions throughout the day.,clear-day,"72259453909,KAFW,C3518,KDTO,F7015,72259003927,KDFW,72258903991"
Denton,2022-12-28,22.8,5.7,13.2,22.8,2,11.6,5,58,0,0,0,,0,0,61,42.4,170.7,1009.7,3.1,16,53.3,4.4,4,10,2022-12-28T07:31:07,2022-12-28T17:29:24,0.18,Clear,Clear conditions throughout the day.,clear-day,"72259453909,KAFW,C3518,KDTO,F7015,72259003927,KDFW,72258903991"
Denton,2022-12-29,21.2,10.8,16.5,21.2,10.8,16.5,11.5,73.8,0,0,0,,0,0,59.2,26.1,195.7,1012.1,23.1,16,38.3,3.3,2,10,2022-12-29T07:31:25,2022-12-29T17:30:04,0.25,Partially cloudy,Partly cloudy throughout the day.,partly-cloudy-day,"72259453909,KAFW,C3518,KDTO,F7015,72259003927,KDFW,72258903991"
Denton,2022-12-30,15.7,5.1,10.4,15.7,2.9,9.9,4.2,66.7,0,0,0,,0,0,18.4,13,341.4,1015.1,19.3,15.9,38.5,3.4,2,10,2022-12-30T07:31:42,2022-12-30T17:30:46,0.25,Clear,Clear conditions throughout the day.,clear-day,"72259453909,KAFW,C3518,KDTO,F7015,72259003927,KDFW,72258903991"
Denton,2022-12-31,21.2,3.6,13.1,21.2,3.6,12.8,6.2,65.3,0,0,0,,0,0,44.5,33.3,176.1,1010.4,14.7,16,36.7,3.2,2,10,2022-12-31T07:31:57,2022-12-31T17:31:29,0.29,Clear,Clear conditions throughout the day.,clear-day,"72259453909,KAFW,C3518,KDTO,F7015,72259003927,KDFW,72258903991"
Denton,2023-01-01,25.6,11.8,17.8,25.6,11.8,17.8,9.2,59.2,0,0,0,,0,0,33.5,24,170.2,1009.6,3.8,15.9,44,3.7,4,10,2023-01-01T07:32:10,2023-01-01T17:32:13,0.32,Clear,Clear conditions throughout the day.,clear-day,"72259453909,C3518,KAFW,KDTO,F7015,72259003927,KDFW,72258903991"
Denton,2023-01-02,25,15.1,20,25,15.1,20,16.6,81.5,0,0,0,rain,0,0,57.2,40.4,176.7,1006.5,63.5,12.8,21.8,1.9,1,60,2023-01-02T07:32:22,2023-01-02T17:32:58,0.36,Partially cloudy,Partly cloudy throughout the day.,partly-cloudy-day,"72259453909,KAFW,C3518,KDTO,F7015,72259003927,KDFW,72258903991"
Denton,2023-01-03,18.9,3.7,13.4,18.9,2.3,13.2,0.7,44.3,0,0,0,,0,0,40.7,25.7,265,1009.7,30.1,16,60.8,5.1,2,10,2023-01-03T07:32:32,2023-01-03T17:33:44,0.39,Partially cloudy,Clearing in the afternoon.,partly-cloudy-day,"72259453909,C3518,KAFW,KDTO,F7015,72259003927,KDFW,72258903991"
Denton,2023-01-04,13.9,-0.9,5.5,13.9,-3.5,4.6,-0.8,66.9,0,0,0,,0,0,20.5,14.7,349.6,1017.5,1,15.8,59.2,5.1,4,10,2023-01-04T07:32:40,2023-01-04T17:34:31,0.42,Clear,Clear conditions throughout the day.,clear-day,"72259453909,C3518,KAFW,KDTO,F7015,72259003927,KDFW,72258903991"
Denton,2023-01-05,16.7,-0.9,6.2,16.7,-3,5.5,-2.8,58.5,0,0,0,,0,0,16.6,11,335.6,1024.8,1.6,16,54,4.7,4,10,2023-01-05T07:32:46,2023-01-05T17:35:19,0.46,Clear,Clear conditions throughout the day.,clear-day,"72259453909,C3518,KAFW,KDTO,F7015,72259003927,KDFW,72258903991"
Denton,2023-01-06,21.1,2,11.9,21.1,0.9,11.5,6.6,70.1,0,0,0,,0,0,55.3,31.5,168,1019.3,12.2,16,35,2.9,2,10,2023-01-06T07:32:50,2023-01-06T17:36:08,0.5,Clear,Clear conditions throughout the day.,clear-day,"72259453909,C3518,KAFW,KDTO,F7015,72259003927,KDFW,72258903991"
Denton,2023-01-07,16.7,7.9,11.9,16.7,5.3,11.2,4.7,62.8,0,0,0,,0,0,38.9,22.5,316.3,1021.5,3,16,55.7,4.9,4,10,2023-01-07T07:32:53,2023-01-07T17:36:58,0.53,Clear,Clear conditions throughout the day.,clear-day,"72259453909,KAFW,C3518,KDTO,F7015,72259003927,KDFW,72258903991"
Denton,2023-01-08,15,-0.4,7.1,15,-3.2,6,-0.6,61,0,0,0,,0,0,22.3,18.3,356.5,1025.7,3.6,16,58.4,4.9,4,10,2023-01-08T07:32:54,2023-01-08T17:37:49,0.56,Clear,Clear conditions throughout the day.,clear-day,"72259453909,KAFW,C3518,KDTO,F7015,72259003927,KDFW,72258903991"
Denton,2023-01-09,20.7,-1.8,8.5,20.7,-3.2,8.2,1.7,67.1,0,0,0,,0,0,37.1,26,173.1,1021,1.9,16,55.9,4.7,5,10,2023-01-09T07:32:53,2023-01-09T17:38:40,0.59,Clear,Clear conditions throughout the day.,clear-day,"72259453909,KAFW,C3518,KDTO,F7015,72259003927,KDFW,72258903991"
Denton,2023-01-10,27.9,3.6,14.6,26.7,2.3,14.1,5,59.4,0,0,0,,0,0,47.9,27.8,197,1012.7,2.1,16,64.6,5.6,5,10,2023-01-10T07:32:50,2023-01-10T17:39:33,0.63,Clear,Clear conditions throughout the day.,clear-day,"72259453909,KAFW,C3518,KDTO,F7015,72259003927,KDFW,72258903991"
Denton,2023-01-11,29.3,6,18.5,27.9,6,18.1,3,40.4,0,0,0,,0,0,64.5,35,229.2,1008.2,7.5,16,71.6,6.3,5,75,2023-01-11T07:32:45,2023-01-11T17:40:26,0.66,Clear,Clear conditions throughout the day.,clear-day,"72259453909,KAFW,C3518,KDTO,F7015,72259003927,KDFW,72258903991"
Denton,2023-01-12,18.4,1.4,9.5,18.4,-1.5,7.7,-1.4,48.9,0,0,0,,0,0,57.7,35.3,323,1022.8,10.6,16,138.6,12,5,10,2023-01-12T07:32:39,2023-01-12T17:41:19,0.69,Clear,Clear conditions throughout the day.,clear-day,"72259453909,1130W,C3518,KAFW,KDTO,F7015,72259003927,KDFW,72258903991"
Denton,2023-01-13,15,-3.1,4.9,15,-6.8,3.9,-3,60.4,0,0,0,"rain,snow",0,0,22.3,13.1,347.4,1029.5,1.6,16,74.7,6.2,5,10,2023-01-13T07:32:30,2023-01-13T17:42:14,0.73,Clear,Clear conditions throughout the day.,clear-day,"72259453909,C3518,KAFW,KDTO,F7015,72259003927,KDFW,72258903991"
Denton,2023-01-14,17.2,-3,7.5,17.2,-3.1,7.1,-3,53,0,0,0,rain,0,0,53.6,33.5,159.5,1022.6,1.9,16,91,7.8,4,10,2023-01-14T07:32:20,2023-01-14T17:43:08,0.75,Clear,Clear conditions throughout the day.,clear-day,"72259453909,C3518,KAFW,KDTO,F7015,72259003927,KDFW,72258903991"
Denton,2023-01-15,20.6,8.8,14.8,20.6,5.4,14,8,64.9,0,0,0,rain,0,0,57.9,38.9,171.3,1010.3,3,16,41.9,3.7,2,10,2023-01-15T07:32:08,2023-01-15T17:44:04,0.79,Clear,Clear conditions throughout the day.,clear-day,"72259453909,C3518,KAFW,KDTO,F7015,72259003927,KDFW,72258903991"
Denton,2023-01-16,23.9,10.2,18,23.9,10.2,18,9.1,59.5,0,0,0,rain,0,0,48.8,32,205.6,1005.9,4.3,16,53.3,4.7,3,10,2023-01-16T07:31:54,2023-01-16T17:44:59,0.83,Clear,Clear conditions throughout the day.,clear-day,"72259453909,C3518,KAFW,KDTO,F7015,72259003927,KDFW,72258903991"
Denton,2023-01-17,22.9,5.2,14.6,22.9,5.2,14.5,5.6,58.5,0,0,0,rain,0,0,37.1,16.4,172.8,1006.6,3.2,16,61,5.1,3,10,2023-01-17T07:31:39,2023-01-17T17:45:55,0.86,Clear,Clear conditions throughout the day.,clear-day,"72259453909,KAFW,C3518,KDTO,F7015,72259003927,KDFW,72258903991"
Denton,2023-01-18,20.7,9.5,15.9,20.7,8.5,15.9,4.7,54.1,0.965,100,4.17,rain,0,0,55.2,34.9,238,1006.4,35.7,15,37,3,4,10,2023-01-18T07:31:22,2023-01-18T17:46:52,0.9,"Rain, Partially cloudy",Clearing in the afternoon with morning rain.,rain,"72259453909,KAFW,C3518,KDTO,F7015,72259003927,KDFW,72258903991"
Denton,2023-01-19,15,2.5,8.7,15,-0.1,7.5,-2.9,45.7,0,0,0,,0,0,53.3,33.1,304.5,1018.1,2,16,64.7,5.6,5,10,2023-01-19T07:31:02,2023-01-19T17:47:49,0.93,Clear,Clear conditions throughout the day.,clear-day,"72259453909,C3518,KAFW,KDTO,F7015,72259003927,KDFW,72258903991"
Denton,2023-01-20,15,-0.4,7.9,15,-2.3,7.7,-1.8,55.8,0,0,0,,0,0,24.1,18.4,105.8,1022.7,41.1,16,60.1,5.2,4,10,2023-01-20T07:30:42,2023-01-20T17:48:46,0.96,Partially cloudy,Becoming cloudy in the afternoon.,partly-cloudy-day,"72259453909,C3518,KAFW,KDTO,F7015,72259003927,KDFW,72258903991"
Denton,2023-01-21,15.7,6.8,10.4,15.7,5.8,9.2,2.7,59.6,0,0,0,rain,0,0,37.1,22.2,155.5,1015.6,52,16,51.1,4.3,5,10,2023-01-21T07:30:19,2023-01-21T17:49:43,0,Partially cloudy,Partly cloudy throughout the day.,partly-cloudy-day,"72259453909,KAFW,C3518,KDTO,F7015,72259003927,KDFW,72258903991"
Denton,2023-01-22,11.7,-2.4,5.6,11.7,-2.4,3.4,-2,60.4,0,0,0,,0,0,44.6,27.5,317.5,1016.4,24,16,67.3,5.9,5,10,2023-01-22T07:29:55,2023-01-22T17:50:41,0.03,Partially cloudy,Clearing in the afternoon.,partly-cloudy-day,"72259453909,KAFW,C3518,KDTO,F7015,72259003927,KDFW,72258903991"
Denton,2023-01-23,11.7,-4.1,4.8,11.7,-7.4,3.6,-3.2,60.4,0,0,0,,0,0,25.9,16.6,79,1023.8,25.6,16,77.7,6.7,5,10,2023-01-23T07:29:28,2023-01-23T17:51:39,0.06,Partially cloudy,Partly cloudy throughout the day.,partly-cloudy-day,"72259453909,C3518,KAFW,KDTO,F7015,72259003927,KDFW,72258903991"
Denton,2023-01-24,8.4,0.7,5,6.8,-4.5,1.4,2.1,83.5,21.924,100,75,"rain,snow",3.5,0.5,51.8,29.3,19.1,1015.7,99.1,12.6,11,0.9,0,10,2023-01-24T07:29:01,2023-01-24T17:52:37,0.1,"Snow, Rain, Overcast",Cloudy skies throughout the day with a chance of rain or snow throughout the day.,snow,"72259453909,C3518,KAFW,KDTO,F7015,72259003927,KDFW,72258903991"
Denton,2023-01-25,6.7,-0.9,3.1,4.8,-3.5,-0.3,0.5,83.9,0,0,0,,0.5,0.4,44.3,24.1,305.5,1020,71.1,16,31.3,2.8,1,10,2023-01-25T07:28:31,2023-01-25T17:53:35,0.13,Partially cloudy,Partly cloudy throughout the day.,snow,"72259453909,KAFW,C3518,KDTO,F7015,72259003927,KDFW,72258903991"
Denton,2023-01-26,11.7,-1.5,3.9,11.7,-3.9,2.2,-2,69,0,0,0,,0,0,38.9,23.8,297.6,1027.7,0.4,15.9,105.3,9.1,5,10,2023-01-26T07:28:00,2023-01-26T17:54:33,0.16,Clear,Clear conditions throughout the day.,clear-day,"72259453909,KAFW,C3518,KDTO,F7015,72259003927,KDFW,72258903991"
Denton,2023-01-27,16.2,-3.6,6.9,16.2,-6.8,5.6,-1.9,57.5,0,0,0,,0,0,44.6,29.7,197.1,1023.2,1.3,16,203.5,17.5,6,10,2023-01-27T07:27:27,2023-01-27T17:55:31,0.2,Clear,Clear conditions throughout the day.,clear-day,"72259453909,KAFW,C3518,KDTO,F7015,72259003927,KDFW,72258903991"
Denton,2023-01-28,20,6.8,12.8,20,3.1,11.9,8.5,76,0,0,0,rain,0,0,50.3,27.6,182.8,1015.5,55.2,16,146.2,12.6,5,10,2023-01-28T07:26:53,2023-01-28T17:56:29,0.25,Partially cloudy,Partly cloudy throughout the day.,partly-cloudy-day,"72259453909,C3518,KAFW,KDTO,F7015,72259003927,KDFW,72258903991"
Denton,2023-01-29,13.4,-2.7,3.2,13.4,-9.3,-0.9,2.1,91.8,0,0,0,rain,0,0,47.9,28.6,343.9,1019.4,71.8,12.5,39.3,3.4,1,10,2023-01-29T07:26:17,2023-01-29T17:57:27,0.26,Partially cloudy,Partly cloudy throughout the day.,partly-cloudy-day,"72259453909,C3518,KAFW,KDTO,F7015,72259003927,KDFW,72258903991"
Denton,2023-01-30,-2.7,-4.3,-3.3,-8.2,-11,-9.6,-4.9,88.7,4.674,100,20.83,"freezingrain,snow,ice",2.5,0.8,42.5,31.6,351.7,1026.9,100,12.8,10.4,0.9,0,10,2023-01-30T07:25:39,2023-01-30T17:58:25,0.3,"Snow, Freezing Drizzle/Freezing Rain, Ice, Overcast",Cloudy skies throughout the day with afternoon snow.,snow,"72259453909,C3518,KAFW,KDTO,F7015,72259003927,KDFW,72258903991"
Denton,2023-01-31,-2.7,-4.3,-3.7,-7.4,-11.5,-9.8,-6.3,82.1,0.189,100,16.67,"freezingrain,ice",1.7,1.8,37.1,26,355.1,1028.9,84.3,15.2,15.3,1.3,1,10,2023-01-31T07:25:00,2023-01-31T17:59:23,0.33,"Freezing Drizzle/Freezing Rain, Ice, Partially cloudy",Partly cloudy throughout the day with snow in the morning and afternoon.,snow,"72259453909,KAFW,C3518,KDTO,F7015,72259003927,KDFW,72258903991"
Denton,2023-02-01,-1.1,-3.2,-2.2,-1.1,-9,-6.3,-6.7,72.5,8.401,100,58.33,"rain,freezingrain,snow",1.4,1.5,22.3,18.3,355.3,1028.7,76.8,14.8,18.7,1.6,1,10,2023-02-01T07:24:19,2023-02-01T18:00:21,0.37,"Snow, Rain, Freezing Drizzle/Freezing Rain, Partially cloudy",Partly cloudy throughout the day with rain or snow.,snow,"72259453909,C3518,KAFW,KDTO,F7015,72259003927,KDFW,72258903991"
Denton,2023-02-02,1.1,-1.1,-0.2,0.7,-5.7,-3.3,-1.7,90,5.402,100,79.17,"rain,freezingrain,snow",0.2,2.4,25.9,16.6,339.9,1027.9,87.7,12.4,29.7,2.5,2,10,2023-02-02T07:23:37,2023-02-02T18:01:18,0.4,"Snow, Rain, Freezing Drizzle/Freezing Rain, Partially cloudy",Partly cloudy throughout the day with a chance of rain or snow throughout the day.,snow,"72259453909,KAFW,C3518,KDTO,F7015,72259003927,KDFW,72258903991"
Denton,2023-02-03,11.1,-3.2,2.5,11.1,-7,0.6,-1.5,77.2,0,0,0,,0.1,0.1,14.8,14.6,354,1033.8,0.4,14.2,195.8,16.9,5,10,2023-02-03T07:22:53,2023-02-03T18:02:16,0.43,Clear,Clear conditions throughout the day.,snow,"72259453909,C3518,KAFW,KDTO,F7015,72259003927,KDFW,72258903991"
Denton,2023-02-04,14.3,-2,6,14.3,-4.9,5,2.7,80.2,0,0,0,,0,0,49.6,31.7,183,1026.2,4,14.4,278.7,24,5,10,2023-02-04T07:22:08,2023-02-04T18:03:13,0.47,Clear,Clear conditions throughout the day.,clear-day,"72259453909,C3518,KAFW,KDTO,F7015,72259003927,KDFW,72258903991"
Denton,2023-02-05,20,2.3,11.2,20,1.5,10.4,6.4,75.1,0,0,0,,0,0,31.3,16.8,158,1020.2,0.5,14.6,225.6,19.5,5,10,2023-02-05T07:21:21,2023-02-05T18:04:10,0.5,Clear,Clear conditions throughout the day.,clear-day,"72259453909,C3518,KAFW,KDTO,F7015,72259003927,KDFW,72258903991"
Denton,2023-02-06,22.2,11.1,16.6,22.2,11.1,16.6,12.1,76.1,0,0,0,rain,0,0,57,42.5,166.7,1013.1,31.5,16,62.1,5.4,4,10,2023-02-06T07:20:33,2023-02-06T18:05:07,0.53,Partially cloudy,Partly cloudy throughout the day.,partly-cloudy-day,"72259453909,C3518,KAFW,KDTO,F7015,72259003927,KDFW,72258903991"
Denton,2023-02-07,17.2,7.9,11.9,17.2,4.3,10.3,10.3,90.5,5.214,100,41.67,rain,0,0,46.4,31.5,38,1016.4,98,12.3,75,6.4,0,10,2023-02-07T07:19:44,2023-02-07T18:06:04,0.57,"Rain, Overcast",Cloudy skies throughout the day with rain.,rain,"72259453909,C3518,KAFW,KDTO,F7015,72259003927,KDFW,72258903991"
Denton,2023-02-08,7.9,2.3,6.4,5.8,0.8,3.3,5.2,92,19.296,100,58.33,rain,0,0,46.9,33.6,311.6,1015.9,83.3,12.8,10.4,0.9,0,10,2023-02-08T07:18:53,2023-02-08T18:07:00,0.6,"Rain, Partially cloudy",Partly cloudy throughout the day with a chance of rain throughout the day.,rain,"72259453909,C3518,KAFW,KDTO,F7015,72259003927,KDFW,72258903991"
Denton,2023-02-09,15.7,-1.3,6.8,15.7,-3.3,5.8,3.3,80.6,0,0,0,,0,0,37.1,18.8,358.2,1018.8,9,13.3,103.5,9,5,10,2023-02-09T07:18:01,2023-02-09T18:07:56,0.64,Clear,Clear conditions throughout the day.,clear-day,"72259453909,C3518,KAFW,KDTO,F7015,72259003927,KDFW,72258903991"
Denton,2023-02-10,8.8,1.2,5.1,6.1,-1.1,1.8,0.1,70.1,0,0,0,rain,0,0,48.2,29.8,335.8,1028.6,87,16,39.3,3.3,2,10,2023-02-10T07:17:08,2023-02-10T18:08:52,0.67,Partially cloudy,Partly cloudy throughout the day.,partly-cloudy-day,"72259453909,KAFW,C3518,KDTO,F7015,72259003927,KDFW,72258903991"
Denton,2023-02-11,12.9,-0.6,5,12.9,-4.3,3.1,-0.2,70.8,0,0,0,,0,0,27.7,16.5,341.9,1027.2,25.1,16,120.7,10.4,6,10,2023-02-11T07:16:13,2023-02-11T18:09:47,0.71,Partially cloudy,Partly cloudy throughout the day.,partly-cloudy-day,"72259453909,KAFW,C3518,KDTO,F7015,72259003927,KDFW,72258903991"
Denton,2023-02-12,18.9,-2.6,7.8,18.9,-2.7,7.3,-0.9,61.6,0,0,0,,0,0,40.7,23.9,187,1019.9,1.6,16,130.9,11.3,6,10,2023-02-12T07:15:17,2023-02-12T18:10:42,0.74,Clear,Clear conditions throughout the day.,clear-day,"72259453909,KAFW,C3518,KDTO,F7015,72259003927,KDFW,72258903991"
Denton,2023-02-13,17.9,2.4,11.1,17.9,0.9,10.8,2.1,57.2,0,0,0,,0,0,66.7,44.6,161.5,1013.9,6.2,16,62.4,5.4,3,10,2023-02-13T07:14:20,2023-02-13T18:11:37,0.75,Clear,Clear conditions throughout the day.,clear-day,"72259453909,KAFW,C3518,KDTO,F7015,72259003927,KDFW,72258903991"
Denton,2023-02-14,20.7,10.8,15.4,20.7,10.8,15.4,7.4,63.2,14.3,100,37.5,rain,0,0,81,48.3,200.9,1003,42.6,15.1,117.8,10,6,10,2023-02-14T07:13:22,2023-02-14T18:12:32,0.81,"Rain, Partially cloudy",Clearing in the afternoon with rain clearing later.,rain,"72259453909,C3518,KAFW,KDTO,F7015,72259003927,KDFW,72258903991"
Denton,2023-02-15,24.3,6.3,16.5,24.3,3.3,16.2,9.2,62.9,0,0,0,,0,0,57,37.1,174.6,1006.2,10.5,16,119.8,10.3,6,30,2023-02-15T07:12:23,2023-02-15T18:13:26,0.84,Clear,Clear conditions throughout the day.,clear-day,"AT193,72259453909,KAFW,C3518,KDTO,F7015,72259003927,KDFW,72258903991"
Denton,2023-02-16,10.1,1.2,5,10.1,-3.2,0.6,-2.8,58.5,0,0,0,,0,0,63,36.8,324,1020.6,43.4,16,84.7,7.3,5,10,2023-02-16T07:11:22,2023-02-16T18:14:20,0.88,Partially cloudy,Clearing in the afternoon.,partly-cloudy-day,"D5204,72259453909,C3518,KAFW,KDTO,F7015,72259003927,KDFW,72258903991"
Denton,2023-02-17,10,-2.7,3,10,-8.1,0.1,-5.7,56.2,0,0,0,,0,0,48.2,28,346.6,1032.3,1.5,16,135,11.7,6,10,2023-02-17T07:10:20,2023-02-17T18:15:13,0.91,Clear,Clear conditions throughout the day.,clear-day,"72259453909,C3518,KAFW,KDTO,F7015,72259003927,KDFW,72258903991"
Denton,2023-02-18,10.6,-3.6,4.7,10.6,-5.4,3.2,-3.8,57.9,0,0,0,,0,0,46,28.1,176.1,1027.9,9.7,16,52.3,4.3,2,10,2023-02-18T07:09:18,2023-02-18T18:16:06,0.95,Clear,Clear conditions throughout the day.,clear-day,"72259453909,C3518,KAFW,KDTO,F7015,72259003927,KDFW,72258903991"
Denton,2023-02-19,21.7,5.7,13.4,21.7,2.7,12.3,0.6,42.6,0,0,0,,0,0,49.2,25.9,201.7,1018.8,12.6,16,97.3,8.4,6,10,2023-02-19T07:08:14,2023-02-19T18:16:59,0.98,Clear,Clear conditions throughout the day.,clear-day,"72259453909,C3518,KAFW,KDTO,F7015,72259003927,KDFW,72258903991"
Denton,2023-02-20,27.1,14.5,19.3,26.5,14.5,19.2,7.5,48.1,0,0,0,,0,0,50,31.9,219.8,1011.2,4.6,16,73.9,6.2,3,10,2023-02-20T07:07:09,2023-02-20T18:17:51,0,Clear,Clear conditions throughout the day.,clear-day,"72259453909,KAFW,C3518,KDTO,F7015,72259003927,KDFW,72258903991"
Denton,2023-02-21,30,13,21.6,28.6,13,21.3,10.9,53.7,0,0,0,,0,0,61.2,44.2,182.4,1003.9,4,16,134.8,11.5,6,10,2023-02-21T07:06:04,2023-02-21T18:18:43,0.05,Clear,Clear conditions throughout the day.,clear-day,"72259453909,KAFW,C3518,KDTO,F7015,72259003927,KDFW,72258903991"
Denton,2023-02-22,26.2,13.5,19.9,26.2,13.5,19.9,10.1,58.9,5.56,100,16.67,rain,0,0,74.4,48,201.9,1001.2,42.4,14.9,199.1,17.1,7,10,2023-02-22T07:04:57,2023-02-22T18:19:35,0.08,"Rain, Partially cloudy",Clearing in the afternoon with morning rain.,rain,"72259453909,KAFW,C3518,KDTO,F7015,72259003927,KDFW,72258903991"
Denton,2023-02-23,16.2,3.9,9.2,16.2,-1.4,6.9,1.2,58.7,0,0,0,,0,0,49,31.6,8.7,1018.1,29.5,16,170,14.5,5,10,2023-02-23T07:03:50,2023-02-23T18:20:26,0.11,Partially cloudy,Partly cloudy throughout the day.,partly-cloudy-day,"72259453909,C3518,KAFW,KDTO,F7015,72259003927,KDFW,72258903991"
Denton,2023-02-24,7.2,4.4,5.7,4.5,0.2,2.4,-1,62.9,0.293,100,8.33,rain,0,0,38.9,24,4.9,1025.9,100,16,336.5,29.1,2,10,2023-02-24T07:02:41,2023-02-24T18:21:17,0.15,"Rain, Overcast",Cloudy skies throughout the day with late afternoon rain.,rain,"72259453909,C3518,KAFW,KDTO,F7015,72259003927,KDFW,72258903991"
Denton,2023-02-25,8.4,2.3,5.2,8.4,-1.1,3.3,3.3,87.5,0.769,100,12.5,rain,0,0,22.3,16.6,348.1,1025.4,100,12,223.7,19.3,1,10,2023-02-25T07:01:32,2023-02-25T18:22:08,0.18,"Rain, Overcast",Cloudy skies throughout the day with early morning rain.,rain,"72259453909,C3518,KAFW,KDTO,F7015,72259003927,KDFW,72258903991"
Denton,2023-02-26,24.4,7.8,14.1,24.4,5.9,14,11.8,87.3,0.105,100,4.17,rain,0,0,85.6,49.8,160.7,1011.9,83.8,8,131.8,11.3,3,10,2023-02-26T07:00:22,2023-02-26T18:22:58,0.21,"Rain, Partially cloudy",Partly cloudy throughout the day with late afternoon rain.,rain,"72259453909,C3518,KAFW,KDTO,F7015,72259003927,KDFW,72258903991"
Denton,2023-02-27,22.8,9.2,15.4,22.8,8.6,15.4,2.6,44.8,7.718,100,8.33,rain,0,0,67.5,29.5,238.6,1008,38.7,13.9,176.6,15,6,10,2023-02-27T06:59:12,2023-02-27T18:23:48,0.25,"Rain, Partially cloudy",Clearing in the afternoon with early morning rain.,rain,"72259453909,C3518,KAFW,KDTO,F7015,72259003927,KDFW,72258903991"
Denton,2023-02-28,27.3,4.6,16.4,26.2,2.7,16,1.9,44.1,0,0,0,,0,0,31.7,22.1,205.9,1007.8,2,15.9,161.9,13.9,6,10,2023-02-28T06:58:00,2023-02-28T18:24:37,0.28,Clear,Clear conditions throughout the day.,clear-day,"72259453909,KAFW,C3518,KDTO,F7015,72259003927,KDFW,72258903991"
